{"distribution": "t-Distribution", "params": [2.047391217923089, -0.009611332433673247, 0.2238529013816712], "D": 0.052142794068594345, "p_value": 0.9750637381235617, "mean": -0.009611332433673247, "median": -0.00961133243367323, "variance": 2.164853048651461, "std_dev": 1.471343960007809, "skewness": null, "kurtosis": "Infinity", "left_tail_kurtosis": 249.6919127586546, "right_tail_kurtosis": 204.10873521209567}